eda,temp,resp,acc,random_forest,logistic_regression,ensemble
16.0201,36.2999,22.6183,0.1825,1,1,1
17.3361,32.9732,32.8388,0.5116,1,1,1
11.2754,31.8123,26.4392,0.2476,1,0,0
12.3965,36.0918,23.6988,4.0136,1,0,0
1.2862,31.7308,24.7236,4.1165,0,0,0
2.9713,32.7551,28.9119,3.0609,0,0,0
12.0955,33.8099,32.2252,1.7178,1,0,1
3.1169,36.7582,23.9383,2.6749,1,0,1
18.406,31.9704,14.6567,2.5943,1,0,0
5.6968,30.118,36.6912,4.4056,0,0,0
9.4089,36.0787,20.2476,0.4124,1,1,1
6.3344,32.9546,26.5131,0.5908,0,0,0
12.8874,36.0957,15.2014,0.1496,1,1,1
3.5045,35.8292,20.5569,1.1258,1,1,1
19.212,34.344,33.7616,4.6081,1,0,0
2.7403,30.7999,11.7296,4.7606,0,0,0
16.0945,33.0598,27.3394,4.1414,1,0,0
5.2201,31.5533,32.3359,2.0489,0,0,0
13.1267,31.4933,31.1934,0.4302,1,0,0
17.4925,31.3943,19.1016,2.0591,1,0,0
14.294,34.8972,29.4762,2.0106,1,1,1
0.3301,31.0337,19.7984,4.4188,0,0,0
15.5836,36.8308,34.3879,4.9408,1,0,0
12.1978,30.2523,21.9844,3.5622,1,0,0
3.1863,36.5413,30.2128,4.9887,1,0,0
3.0551,34.7188,36.2615,4.5659,1,0,0
3.994,36.4922,29.3452,1.6902,1,1,1
1.3873,34.7084,37.4665,3.46,1,0,0
9.0078,35.2505,24.4387,1.2487,1,1,1
1.5802,31.6407,27.0017,1.855,0,0,0
1.019,31.9635,37.1281,4.5539,0,0,0
10.5244,30.0335,36.4128,2.8589,1,0,0
3.9604,33.7561,11.3278,0.2873,0,1,0
12.7534,33.7552,20.518,3.4815,1,0,0
15.7589,33.2467,13.4095,2.9495,1,0,0
13.3162,31.574,36.6316,0.5293,1,0,0
12.9632,30.4111,26.0664,1.5206,1,0,0
2.176,34.4831,28.0898,4.6215,0,0,0
14.4223,33.9357,38.3721,3.2259,1,0,0
17.7179,36.4399,17.3168,2.3793,1,1,1
1.8281,36.3424,28.9148,4.0669,0,0,0
8.2626,31.1767,10.0358,3.6654,0,0,0
11.383,36.6708,28.7375,4.002,0,0,0
7.7571,31.7296,32.6944,1.8375,0,0,0
3.5005,31.217,28.7096,1.9661,0,0,0
9.1397,36.7455,20.4742,1.7059,1,1,1
18.71,36.9457,24.5394,4.8991,0,0,0
4.38,34.7596,30.2041,1.8928,1,0,1
16.1694,31.2792,33.0735,2.6173,0,0,0
2.6802,32.4323,35.1039,2.1792,0,0,0
4.4723,36.1733,11.3382,3.2803,0,0,0
11.038,33.8464,16.9089,4.4988,0,0,0
2.2507,34.7568,26.7182,0.6678,0,1,0
1.6686,32.4442,24.7116,2.5101,0,0,0
14.759,32.2406,36.424,1.9389,0,0,0
12.3382,33.4584,38.5622,4.0904,0,0,0
16.0684,30.9563,24.6503,4.9446,0,0,0
12.8901,32.7719,29.0906,2.0733,0,0,0
2.9289,31.6239,32.5498,4.6683,0,0,0
0.915,36.1303,38.7597,0.1882,1,1,1
8.871,32.2601,17.0148,3.7997,0,0,0
17.0165,34.6435,26.0509,0.3709,1,1,1
19.1216,31.8604,14.5811,1.9128,0,0,0
1.1622,36.6167,26.7991,2.5158,1,1,1
14.3557,33.1549,38.4214,2.6709,0,0,0
8.6581,31.783,23.8387,0.5966,0,0,0
12.3845,33.0544,22.0762,4.159,0,0,0
16.4013,32.3804,20.8212,1.069,0,0,0
16.8255,36.7806,39.4657,3.1516,0,1,1
10.8416,33.4153,21.7783,4.2624,0,0,0
14.5622,32.3551,27.4845,4.467,0,0,0
13.4408,36.8354,22.5475,4.377,0,0,0
11.8804,34.8854,15.6877,0.86,1,1,1
6.0987,35.6346,21.7248,3.5251,0,0,0
16.9206,35.694,18.1018,2.4067,1,1,1
14.9272,30.5656,12.7196,0.7353,0,0,0
19.5826,36.9043,26.9592,0.273,1,1,1
13.7343,31.7357,12.4665,4.2396,0,0,0
1.8821,31.4097,38.9711,2.5614,0,0,0
14.3142,36.4977,25.2075,4.9934,0,0,0
13.0494,32.3423,34.4383,1.4955,0,0,0
14.0703,34.9892,27.1105,1.61,1,1,1
2.3921,30.3746,29.3817,2.8439,0,0,0
8.7405,30.5096,24.0999,3.4223,0,0,0
19.7881,33.7399,14.8922,2.9858,0,0,0
12.35,36.7632,39.0856,0.2048,1,1,1
5.6015,33.3656,37.1456,1.3069,0,0,0
3.0303,35.446,27.5072,1.5801,1,1,1
18.1602,36.8703,19.0802,0.7211,1,1,1
1.5463,34.9916,21.7462,1.2241,1,1,1
3.3223,34.4407,25.157,1.0753,0,0,0
3.5116,33.5758,11.6335,2.7453,0,0,0
3.909,35.4356,19.8402,1.3209,1,1,1
7.5728,32.4125,13.7339,4.4953,0,0,0
12.5523,30.3342,26.0116,1.036,0,0,0
12.8165,30.3449,30.6263,2.6763,0,0,0
0.3031,30.2324,25.1239,0.4982,0,0,0
5.3459,32.9906,15.6033,2.0709,0,0,0
5.8483,31.2505,38.5446,2.3049,0,0,0
18.9107,30.5817,36.2438,2.9792,0,0,0
17.793,35.664,32.876,3.6561,0,0,0
12.9478,35.3843,13.6516,1.7635,1,1,1
7.3991,32.5193,17.3426,4.6297,0,0,0
0.4297,34.8689,34.3368,3.3376,0,0,0
15.6675,35.5293,34.4188,4.2028,0,0,0
18.7216,33.7065,21.5197,0.9409,0,1,0
9.5126,30.7554,21.2248,1.1059,0,0,0
9.5273,31.5755,12.6519,3.3621,0,0,0
11.4315,36.3707,33.9413,4.3262,0,0,0
15.7955,36.6701,35.526,4.1587,0,0,0
10.4747,33.2595,25.0704,0.4251,0,1,0
16.8271,32.4826,33.9972,2.2318,0,0,0
16.3181,34.3719,27.1411,2.8604,0,0,0
5.6989,36.5816,31.0557,2.0147,1,1,1
15.3125,36.4224,25.385,0.4643,1,1,1
12.9604,30.104,14.18,3.6563,0,0,0
13.1018,34.6869,14.3081,0.9048,1,1,1
19.3134,32.0002,35.4695,3.9846,0,0,0
12.5239,31.734,20.4655,3.1596,0,0,0
0.7989,36.9875,26.1847,0.3313,1,1,1
5.5654,35.7429,22.1392,3.2587,0,0,0
6.7603,35.6854,13.7017,0.5151,1,1,1
16.5237,36.1539,37.4274,4.6008,0,0,0
1.0679,33.0339,36.3459,0.0794,0,0,0
1.3958,30.0946,18.8047,4.7453,0,0,0
1.7774,33.6749,13.8465,4.3145,0,0,0
1.6321,31.068,27.3094,0.4849,0,0,0
0.1158,30.8333,14.9144,3.197,0,0,0
8.2105,34.0893,10.5891,4.3386,0,0,0
14.4675,33.7189,27.1949,1.0068,0,0,0
4.0236,33.0842,37.8696,3.8941,0,0,0
2.1964,36.9047,36.9868,0.4697,1,1,1
12.6816,35.9221,14.4607,1.5627,1,1,1
5.0433,31.3566,23.1995,3.2409,0,0,0
6.4037,34.9752,39.1103,0.2736,1,1,1
19.0173,31.1959,16.0012,1.2153,0,0,0
0.4287,31.7226,38.4326,3.7784,0,0,0
18.2723,34.9573,22.0965,2.7643,1,0,1
6.3875,32.8742,36.1313,0.563,0,0,0
2.4939,30.1864,35.2749,2.1175,0,0,0
1.2451,34.9079,23.99,3.5598,0,0,0
5.8559,35.7402,11.4407,1.9819,1,1,1
10.0632,36.8891,20.8202,0.918,1,1,1
5.8869,35.2699,23.5824,2.5157,1,0,1
13.9526,36.701,30.3588,0.9497,1,1,1
3.3486,34.6833,29.6773,3.0522,0,0,0
0.5,32.5,18.0,0.2,0,0,0
12.0,35.0,25.0,1.5,1,1,1
9.282,30.1671,34.6483,2.8329,0,0,0
7.1614,32.2235,21.4951,4.0298,0,0,0
10.6493,31.3474,32.2031,1.0352,0,0,0
7.5495,34.0543,36.7553,2.0316,0,0,0
9.4184,31.7421,22.3713,1.4259,0,0,0
8.7046,36.0829,14.3633,1.7624,1,1,1
17.0189,31.3522,29.6201,2.6382,0,0,0
18.286,32.8726,35.1878,2.136,0,0,0
6.0594,35.1778,23.2593,3.7926,0,0,0
5.4897,36.1401,31.2958,2.0447,1,1,1
3.0262,32.8858,13.3566,1.1939,0,0,0
5.8288,30.0603,22.5374,4.1283,0,0,0
3.513,33.4968,31.0464,2.4503,0,0,0
17.9556,34.3152,18.2119,2.3182,0,0,0
14.6379,33.6309,12.1957,4.8341,0,0,0
17.3256,30.7097,21.6771,0.7892,0,0,0
14.9274,30.7601,20.7333,1.1007,0,0,0
7.1744,35.4148,16.2458,2.7033,1,0,1
4.9697,36.0636,17.7722,0.5914,1,1,1
19.4615,34.8616,39.5873,3.4864,0,0,0
14.4231,33.1322,37.7722,4.379,0,0,0
15.0623,30.1431,35.7193,2.6572,0,0,0
16.0592,30.3208,23.5206,2.5106,0,0,0
0.2129,36.1112,11.9529,2.1057,1,1,1
13.9029,30.029,22.8344,0.966,0,0,0
14.9844,31.6596,13.635,4.8052,0,0,0
13.7306,34.6438,10.4132,2.113,1,0,1
17.8753,31.7346,19.191,2.8027,0,0,0
4.8684,34.7081,23.6365,0.3179,1,1,1
15.0897,31.4204,33.8039,1.9377,0,0,0
8.5704,31.7471,34.3112,0.0487,0,0,0
13.9224,33.1064,12.8243,4.2943,0,0,0
7.2712,33.1424,16.597,0.4781,0,0,0
11.7223,32.4606,35.0932,3.5015,0,0,0
7.2975,34.9505,13.6998,1.7351,1,1,1
4.1418,36.5164,22.8734,2.0641,1,1,1
7.1133,31.5615,13.8069,0.8631,0,0,0
5.124,30.496,17.4592,2.3033,0,0,0
5.0411,35.1463,29.9557,4.1977,0,0,0
14.535,30.3069,31.4286,0.8843,0,0,0
3.0136,32.61,30.0877,2.4607,0,0,0
16.9723,34.0288,13.9428,2.4244,0,0,0
14.4634,31.4167,31.1503,0.2903,0,0,0
10.1767,32.5191,14.8259,4.6498,0,0,0
2.9107,30.996,29.102,1.3482,0,0,0
1.5737,31.3112,12.41,2.042,0,0,0
4.4204,36.2649,30.3583,3.0303,0,0,0
7.5074,36.531,26.4617,1.6021,1,1,1
8.4081,32.4183,37.0306,4.908,0,0,0
14.9748,30.7491,36.2642,1.1089,0,0,0
10.0978,34.9613,26.1871,4.6723,0,0,0
10.0123,34.5269,10.6395,1.5271,0,1,0
7.4224,34.9718,36.0631,1.2042,1,1,1
14.286,30.588,26.0927,4.4327,0,0,0
3.0967,35.499,12.2358,4.2356,0,0,0
6.586,33.5694,13.8834,3.6411,0,0,0
15.1191,34.2386,31.2321,0.5378,0,1,0
8.7176,32.5934,35.6226,3.3434,0,0,0
6.4259,31.1796,23.9181,2.4478,0,0,0
6.5834,35.1881,37.6745,1.3392,1,1,1
8.5068,36.3561,20.6483,2.6143,1,1,1
2.7292,33.642,19.5972,3.8911,0,0,0
14.9547,33.1473,28.0085,1.0432,0,0,0
3.3333,31.6729,35.5061,1.9732,0,0,0
19.5444,30.3124,14.7384,2.7076,0,0,0
17.9776,31.573,31.7508,4.1776,0,0,0
15.9002,34.675,23.4011,3.6813,0,0,0
19.5775,36.5072,38.1722,1.3425,1,1,1
15.4434,31.0029,19.4532,1.3482,0,0,0
7.687,32.7633,28.351,4.0299,0,0,0
5.5088,35.7573,16.4978,4.8373,0,0,0
0.883,30.7249,36.2959,1.2421,0,0,0
18.7906,35.2468,37.3569,0.8194,1,1,1
2.7153,34.4745,35.1963,1.0025,0,0,0
3.3404,32.2043,32.6446,4.3363,0,0,0
17.3951,30.4866,23.6363,2.1135,0,0,0
0.076,32.3,15.1819,1.2851,0,0,0
16.4965,31.247,37.5906,2.4234,0,0,0
10.2077,32.6017,14.3246,1.9822,0,0,0
8.3925,30.9533,35.9965,4.972,0,0,0
15.9236,36.38,20.3515,4.2022,0,0,0
1.562,36.5914,36.8805,2.6166,1,1,1
1.0959,30.5483,38.5164,3.9707,0,0,0
8.0776,33.3404,15.3142,0.5951,0,0,0
12.2567,31.9836,38.5731,0.1117,0,0,0
13.9157,35.0624,11.1598,0.1615,1,1,1
1.6052,32.1999,20.5831,0.5259,0,0,0
7.9592,35.2842,21.9475,3.8147,0,0,0
18.7459,33.5056,39.3968,4.0019,0,0,0
0.5744,30.9116,35.6679,2.9917,0,0,0
2.6684,35.7534,13.587,0.3887,1,1,1
7.798,33.7135,20.9419,3.2792,0,0,0
14.3847,30.5351,16.0279,0.0784,0,0,0
7.224,32.5079,39.0295,3.6936,0,0,0
0.5776,34.9733,29.1944,1.3843,1,1,1
7.4551,34.7808,17.7087,1.8265,1,0,1
6.0561,34.4855,31.6368,4.1849,0,0,0
12.5131,36.5262,21.7389,0.3627,1,1,1
15.8085,33.193,38.0186,2.4129,0,0,0
6.0399,32.1284,24.1965,1.9282,0,0,0
4.596,30.9843,22.7638,0.0435,0,0,0
0.5892,30.9995,13.5423,2.5507,0,0,0
2.7874,36.6875,19.1417,0.5645,1,1,1
6.4331,34.0689,33.7716,0.2924,0,1,0
11.1006,32.8241,23.9563,1.6858,0,0,0
16.4568,32.41,11.3189,4.8279,0,0,0
6.8054,36.1024,12.619,4.2543,0,0,0
9.7438,31.6226,12.0732,0.8055,0,0,0
17.2276,34.8674,27.2795,3.2406,0,0,0
12.404,32.4685,21.9752,2.6203,0,0,0
15.9664,36.6394,20.4546,2.6843,1,1,1
0.865,31.8555,12.7593,1.2367,0,0,0
3.5215,36.864,13.162,3.8653,0,0,0
4.4295,32.0394,30.2381,4.5385,0,0,0
3.0597,33.9911,39.9909,2.4808,0,0,0
11.1241,34.5897,31.5934,2.7324,0,0,0
11.4759,32.5883,30.5743,1.4989,0,0,0
5.9111,32.7623,13.5677,1.0956,0,0,0
18.0682,33.0145,32.6413,3.3044,0,0,0
12.833,35.4198,34.2703,3.3918,0,0,0
16.4179,31.9792,14.7281,3.2005,0,0,0
15.9688,31.8653,24.1305,3.7072,0,0,0
16.7273,32.9246,12.5342,2.7012,0,0,0
10.2012,36.1034,14.7824,3.8432,0,0,0
3.6343,31.4505,21.6563,4.0982,0,0,0
9.7451,34.535,28.3003,4.5347,0,0,0
10.614,33.6773,38.72,4.0913,0,0,0
18.2115,33.9144,21.2802,4.8125,0,0,0
6.3879,32.8664,20.4906,1.3486,0,0,0
19.5282,30.4223,38.035,4.17,0,0,0
10.5786,33.4087,30.3103,1.5811,0,0,0
16.6457,31.8443,39.3715,0.4195,0,0,0
17.5833,31.3079,12.9743,2.0689,0,0,0
15.5504,34.0873,31.2854,0.9533,0,1,0
8.0967,35.9901,29.2308,1.8856,1,1,1
19.9522,33.0253,24.5924,3.9219,0,0,0
9.8017,36.6653,15.8645,1.5621,1,1,1
7.2422,31.76,35.0003,0.2973,0,0,0
18.2399,36.3944,36.2376,0.9554,1,1,1
17.7356,34.2283,37.3026,3.6601,0,0,0
10.6086,31.6517,31.6748,4.3588,0,0,0
11.9995,34.647,39.3453,0.7481,1,1,1
4.0499,32.1701,21.3192,3.7969,0,0,0
6.7989,35.201,31.8401,0.0856,1,1,1
15.961,33.4248,12.1357,3.3228,0,0,0
4.9788,35.2967,12.0242,1.7492,1,1,1
17.5416,36.0384,11.99,2.4424,1,1,1
18.381,33.2388,39.4714,0.9326,0,0,0
13.4278,33.9383,34.728,4.4295,0,0,0
8.2639,35.9248,27.3399,0.714,1,1,1
0.4547,32.0124,29.9401,0.8838,0,0,0
14.912,32.7591,27.5296,3.2763,0,0,0
15.2102,35.1019,14.6019,4.4349,0,0,0
2.774,35.1121,22.0441,1.943,1,0,1
11.6152,31.5591,12.0421,4.8887,0,0,0
12.161,31.6343,34.293,2.2912,0,0,0
15.9427,33.089,15.9568,3.5958,0,0,0
17.8095,33.6851,39.8009,2.5545,0,0,0
3.867,31.3792,28.2946,4.3987,0,0,0
8.6079,34.0784,17.3615,1.7787,0,0,0
2.2368,31.16,22.8305,4.9328,0,0,0
2.4779,34.9157,38.101,2.6469,1,0,0
15.5712,31.7823,15.8425,1.3457,0,0,0
19.5303,33.06,11.0179,3.5338,0,0,0
7.3166,32.4227,29.3961,4.5664,0,0,0
14.9849,33.896,12.8762,1.351,0,0,0
18.394,36.3222,30.7541,2.4329,1,1,1
9.3091,32.1296,24.3907,2.8979,0,0,0
17.4966,35.5623,29.7213,4.753,0,0,0
7.6062,34.8959,30.9451,0.1097,1,1,1
15.7387,32.4124,25.917,4.2524,0,0,0
9.2078,33.1696,30.7429,1.2098,0,0,0
17.2289,35.8273,11.9927,0.5115,1,1,1
7.0744,33.7709,31.0553,2.9523,0,0,0
15.2158,35.3062,19.7457,2.9713,0,0,0
0.9377,36.4594,16.1126,3.5156,0,0,0
18.335,35.2296,12.7566,0.3842,1,1,1
13.3216,36.3166,14.8403,1.1217,1,1,1
19.9047,34.8628,14.3356,4.0363,0,0,0
16.3899,36.0081,22.1982,1.9805,1,1,1
4.9115,35.4113,33.4174,0.0688,1,1,1
12.9281,35.6537,36.6505,3.0624,0,0,0
18.05,36.5961,31.5106,4.7612,0,0,0
13.9886,35.7512,26.7935,2.6113,1,1,1
17.787,31.1283,20.5287,4.9746,0,0,0
13.2618,31.5594,32.0065,4.4719,0,0,0
5.8797,30.0289,26.7662,1.8862,0,0,0
1.713,30.6329,37.9536,1.6449,0,0,0
13.8687,32.6422,15.3059,2.8727,0,0,0
14.8116,31.9686,16.2124,4.6258,0,0,0
17.3528,31.544,17.6047,3.3989,0,0,0
5.9007,36.069,12.0783,3.8476,0,0,0
9.1518,33.5109,30.7442,1.7885,0,0,0
17.9704,30.7672,29.3332,3.2575,0,0,0
6.7806,33.9956,32.6208,2.5192,0,0,0
10.8262,36.2289,13.0215,1.7151,1,1,1
15.8733,31.1155,29.7307,4.953,0,0,0
18.6374,31.4247,14.8902,3.4157,0,0,0
6.1954,36.2182,21.4748,1.2739,1,1,1
11.7608,33.1906,11.438,1.1332,0,0,0
6.0076,36.5989,16.4909,4.5231,0,0,0
4.6142,32.683,24.5291,1.3979,0,0,0
14.537,30.2645,32.1673,0.3652,0,0,0
14.0679,34.5149,23.1965,3.6106,0,0,0
18.7852,33.8049,32.9266,4.6131,0,0,0
18.2197,35.5688,24.1807,3.4338,0,0,0
3.1901,34.7785,16.4453,1.8581,1,0,1
4.8849,35.101,34.0194,4.2764,0,0,0
8.7114,35.3179,35.8395,2.5107,1,0,1
17.8953,30.0457,35.0523,2.9491,0,0,0
11.6719,36.153,25.3329,2.2911,1,1,1
2.8587,33.8975,37.0124,2.8187,0,0,0
12.6319,31.9631,29.6189,2.2405,0,0,0
9.1587,35.2028,23.443,1.5563,1,1,1
3.9444,30.379,20.885,4.6804,0,0,0
8.4153,32.1371,26.4799,0.736,0,0,0
10.6787,30.1988,14.5421,0.827,0,0,0
1.4796,34.3096,12.2681,1.0107,0,1,0
6.1669,36.0888,31.0429,2.3642,1,1,1
2.0556,36.9218,36.274,3.5755,0,0,0
8.4285,30.9887,35.0404,2.8691,0,0,0
4.6225,30.0396,19.2034,1.1827,0,0,0
3.1871,35.2783,36.1633,0.1694,1,1,1
2.7861,33.4342,36.2034,4.563,0,0,0
7.8147,30.2106,15.1611,2.2335,0,0,0
11.5836,34.355,13.3427,3.3821,0,0,0
9.8396,32.3415,26.3459,1.6017,0,0,0
19.782,31.2153,22.6427,4.0572,0,0,0
6.6294,34.0661,14.3474,2.7318,0,0,0
10.9081,35.7014,18.3484,0.6003,1,1,1
18.9426,32.0735,32.9158,1.7626,0,0,0
9.0566,30.0886,20.0982,1.3369,0,0,0
9.9004,33.2672,37.069,3.4144,0,0,0
17.6705,31.2455,21.4944,4.0434,0,0,0
12.8711,32.057,19.0487,3.0976,0,0,0
6.6844,32.3912,36.3417,2.8687,0,0,0
15.9095,34.7846,39.6414,0.369,1,1,1
12.1206,32.2704,22.8103,0.4218,0,0,0
14.8767,35.3685,32.5399,1.4189,1,1,1
7.5909,33.2225,35.29,4.3128,0,0,0
14.1075,36.9657,21.7999,1.4805,1,1,1
3.0112,35.7698,33.1793,0.8524,1,1,1
9.0232,34.0521,17.3435,0.9407,0,0,0
15.4443,33.4011,19.1458,4.2085,0,0,0
14.5698,32.1078,38.7496,3.9208,0,0,0
1.6845,30.721,20.3339,3.362,0,0,0
2.826,30.5547,26.9208,0.5875,0,0,0
13.8757,31.3285,34.4686,1.4943,0,0,0
1.3556,34.0851,23.4923,4.0953,0,0,0
15.9839,32.5386,26.8085,3.7679,0,0,0
0.7447,34.2364,19.1322,2.2742,0,0,0
15.9021,32.0692,11.6098,0.993,0,0,0
6.4272,32.2707,11.1591,2.8348,0,0,0
15.481,32.5469,35.8118,2.9008,0,0,0
11.5631,34.6963,27.7574,4.5857,0,0,0
0.6245,34.2161,30.6184,3.4354,0,0,0
12.9231,33.5395,20.3052,1.882,0,0,0
9.105,34.3871,13.0784,2.045,0,0,0
15.0365,33.9564,13.8738,1.6314,0,0,0
19.5474,35.9712,37.4429,1.7565,1,1,1
9.3334,34.5665,24.9407,3.7011,0,0,0
5.5788,31.2018,30.8212,1.5719,0,0,0
8.739,36.4275,26.0418,0.693,1,1,1
19.4565,36.4053,35.3,2.4947,1,1,1
4.9554,36.3449,36.0653,3.69,0,0,0
0.7509,33.3804,22.841,3.0048,0,0,0
1.1369,31.8899,17.4517,4.59,0,0,0
1.5194,30.7641,23.4247,4.6207,0,0,0
0.157,33.2891,17.3028,4.8337,0,0,0
13.9582,32.5948,24.2948,4.641,0,0,0
7.4062,35.049,19.9438,3.4185,0,0,0
5.0104,31.8125,27.9307,0.0767,0,0,0
16.8708,33.8537,18.1704,3.3131,0,0,0
1.2077,35.5191,32.6332,1.5271,1,1,1
5.9854,32.2976,27.5961,3.9456,0,0,0
12.5403,33.8885,16.3238,0.0994,0,1,0
13.6321,34.8199,33.8945,0.4092,1,1,1
3.3381,36.2958,21.5865,3.8487,0,0,0
16.2899,30.0026,35.3652,0.986,0,0,0
16.4502,33.8342,35.9446,0.616,0,1,0
14.1609,32.616,38.2176,1.9955,0,0,0
17.9545,34.0462,11.8323,4.8566,0,0,0
4.3453,30.3824,31.7493,1.435,0,0,0
11.6744,36.2659,13.413,1.2493,1,1,1
18.2475,32.5586,31.1163,4.806,0,0,0
13.036,36.2426,30.7825,1.9958,1,1,1
17.3565,35.7559,24.3785,3.8958,0,0,0
14.3728,33.7523,36.7314,0.9713,0,0,0
19.7165,30.4346,24.2989,0.2357,0,0,0
1.7162,31.9445,39.4493,1.274,0,0,0
5.723,36.3605,31.3362,4.1103,0,0,0
17.4673,32.0162,31.2641,1.1831,0,0,0
9.2834,32.2445,10.8708,2.6484,0,0,0
11.4042,33.0343,10.8203,3.0435,0,0,0
12.5366,31.4616,31.4666,4.7311,0,0,0
2.7204,36.3675,25.6548,1.0232,1,1,1
11.5855,36.285,18.288,1.8217,1,1,1
11.4172,35.0801,36.3722,3.8948,0,0,0
14.9303,30.1853,33.3652,3.035,0,0,0
6.3327,36.3663,32.3348,0.5682,1,1,1
5.819,36.0951,13.0722,1.4028,1,1,1
1.4114,36.0864,18.8741,2.3341,1,1,1
0.3898,32.6991,21.5933,3.0129,0,0,0
11.6194,32.6155,26.775,1.1433,0,0,0
0.7541,32.0507,39.7432,0.8481,0,0,0
8.7626,33.5292,22.303,2.5638,0,0,0
17.1461,36.3959,38.9969,3.7004,0,0,0
4.0256,33.1893,19.6371,1.8759,0,0,0
16.1963,32.0043,38.2244,3.865,0,0,0
8.9785,32.558,28.9643,1.4431,0,0,0
1.7775,31.5563,33.5871,1.3448,0,0,0
11.1921,30.932,21.6124,0.02,0,0,0
15.9024,35.9153,23.3005,4.8139,0,0,0
6.8188,30.2514,11.9554,4.7818,0,0,0
7.0322,32.7726,31.0809,0.4423,0,0,0
0.1651,36.1302,17.4349,2.8916,0,0,0
19.2952,33.1039,16.978,0.3809,0,0,0
10.0841,32.4139,21.9387,4.2589,0,0,0
8.6831,35.9906,11.1525,1.1737,1,1,1
9.5376,31.7225,33.4132,4.2016,0,0,0
12.0872,32.4683,12.9328,1.026,0,0,0
11.9596,32.305,25.4504,3.5453,0,0,0
3.6482,34.9365,22.8243,2.1348,1,0,1
19.6399,35.8196,24.192,4.4022,0,0,0
3.6635,36.5454,27.5364,1.4149,1,1,1
7.9242,36.8117,21.135,4.1597,0,0,0
4.0435,34.4565,14.4464,1.7978,0,0,0
10.9112,34.326,35.198,3.1491,0,0,0
8.7503,35.2209,34.5043,0.8064,1,1,1
5.6231,36.1016,23.921,3.3953,0,0,0
8.6167,32.3235,13.9941,2.2971,0,0,0
17.7531,30.5612,29.7147,0.114,0,0,0
19.0465,35.9985,33.1617,3.9048,0,0,0
2.2273,32.7915,15.5142,2.1652,0,0,0
16.1462,30.9764,14.4156,3.4983,0,0,0
5.7503,33.444,19.6384,1.135,0,0,0
5.8638,36.6618,13.344,2.8535,0,1,1
18.0016,35.9667,11.1729,2.1142,1,1,1
10.7956,36.6717,20.499,2.9399,0,1,0
8.885,36.6334,32.5074,2.4213,1,1,1
8.2768,36.6344,34.5866,0.5215,1,1,1
17.3603,31.5725,20.2669,3.5863,0,0,0
10.1331,31.5812,11.4128,3.9336,0,0,0
10.8231,35.2919,38.1751,0.6072,1,1,1
1.7792,34.1109,11.0918,3.88,0,0,0
13.8393,32.4134,30.8375,2.5204,0,0,0
16.9263,36.8831,16.087,1.584,1,1,1
6.3411,32.128,12.8203,2.4892,0,0,0
0.0683,30.4622,25.9527,2.352,0,0,0
9.4119,33.4948,12.7337,0.9709,0,0,0
1.7966,34.8573,25.1174,2.8249,0,0,0
7.7633,36.9585,13.6099,4.2776,0,0,0
3.8883,34.1199,0.0443,1.2168,0,0,0
3.8803,34.0864,1.8494,0.9133,0,0,0
3.9654,34.1062,4.039,0.918,0,0,0
4.1573,34.1032,-2.3499,0.9178,0,0,0
4.1901,34.059,-3.4073,0.9106,0,0,0
4.1153,34.1078,0.8072,0.9174,0,0,0
4.0707,34.0499,-0.209,0.8904,0,0,0
4.0813,34.1123,-1.9989,0.9212,0,0,0
4.25,34.0225,3.6606,0.9202,0,0,0
4.3362,34.0605,-0.8896,0.9145,0,0,0
4.2904,34.0941,-4.2084,0.9132,0,0,0
4.2507,34.088,-0.0839,0.9231,0,0,0
4.2282,34.0849,6.3034,0.9186,0,0,0
4.2587,34.024,-0.8591,0.9184,0,0,0
4.2408,34.0788,-1.6861,0.9216,0,0,0
4.2145,34.1062,5.0842,0.9129,0,0,0
4.25,34.1032,-3.3371,0.9181,0,0,0
4.2393,34.1139,-3.1021,0.9196,0,0,0
4.2068,34.1352,3.9368,0.9148,0,0,0
4.2259,34.1199,-1.4755,0.9212,0,0,0
4.1981,34.1199,-3.0121,0.9199,0,0,0
4.2057,34.0804,3.6774,0.9108,0,0,0
4.1805,34.1397,1.3077,0.9153,0,0,0
4.192,34.1428,-3.0396,0.9133,0,0,0
4.1981,34.1627,0.1541,0.9198,0,0,0
4.1821,34.1245,5.043,0.9137,0,0,0
4.1828,34.152,-4.808,0.9175,0,0,0
4.1714,34.184,3.363,0.8859,0,0,0
4.1767,34.1687,3.3142,1.138,0,0,0
4.1874,34.1276,-8.8303,0.8587,0,0,0
4.2667,34.1642,4.7012,0.8899,0,0,0
4.4495,34.1459,18.2877,0.898,0,0,0
4.4094,34.1245,-5.3238,0.9165,0,0,0
4.3598,34.1184,-13.8123,0.9172,0,0,0
4.3568,34.0849,-10.5362,0.9128,0,0,0
4.3339,34.0818,0.6042,0.9059,0,0,0
4.3484,34.0727,-3.3737,0.921,0,0,0
4.332,34.0483,0.9598,0.9154,0,0,0
4.3308,34.0941,1.9028,0.9197,0,0,0
4.3411,34.0834,-0.2213,0.9306,0,0,0
4.3407,34.0849,10.6522,0.9163,0,0,0
4.3041,33.9935,3.1723,0.9188,0,0,0
4.3888,34.0209,-2.1561,0.9266,0,0,0
4.4178,34.0544,-2.6505,0.9163,0,0,0
4.4712,34.0468,-2.8625,0.9234,0,0,0
4.4449,34.0209,5.307,0.9215,0,0,0
4.4209,34.0453,0.0107,0.9203,0,0,0
4.4388,34.0057,-3.3951,0.9231,0,0,0
4.3594,34.0651,-0.7492,0.9197,0,0,0
4.2946,34.0133,5.2704,0.9203,0,0,0
4.3182,34.0635,-1.6083,0.9234,0,0,0
4.3133,34.0575,-2.504,0.9221,0,0,0
4.2751,34.0392,4.2252,0.9231,0,0,0
4.3182,34.0559,-3.5202,0.9191,0,0,0
4.3518,34.0788,-4.332,0.9204,0,0,0
4.2614,34.0316,5.9097,0.9176,0,0,0
4.2965,34.0301,4.4571,0.9178,0,0,0
4.2717,34.0941,-2.5955,0.9172,0,0,0
4.3495,34.0971,-6.2271,0.9081,0,0,0
4.3079,34.1062,-0.3677,0.9212,0,0,0
4.3026,34.0941,6.7581,0.9195,0,0,0
4.3156,34.1184,-1.8051,0.9203,0,0,0
4.3991,34.0666,-4.7623,0.9165,0,0,0
4.3083,34.0377,2.8641,0.9134,0,0,0
4.2805,34.1428,5.2963,0.9192,0,0,0
4.3217,34.1306,-2.8702,0.9203,0,0,0
4.3812,34.0971,-5.7861,0.9123,0,0,0
4.2774,34.1489,7.1671,0.9223,0,0,0
4.2595,34.059,5.1575,0.9255,0,0,0
4.4174,34.1184,-3.1387,0.907,0,0,0
4.8302,34.1245,-7.46,0.9206,0,0,0
4.9194,34.091,-3.511,0.9338,0,0,0
4.7451,34.1306,7.0755,0.9305,0,0,0
4.6684,34.1337,4.068,0.9181,0,0,0
4.6879,34.1276,-0.5295,0.9302,0,0,0
4.6711,34.1413,-1.0757,0.9143,0,0,0
4.6711,34.1627,-2.4551,0.9428,0,0,0
4.7375,34.1382,-4.6036,0.8968,0,0,0
4.7173,34.152,3.2776,0.9488,0,0,0
4.8965,34.1428,17.1829,0.9401,0,0,0
5.0377,34.152,4.7623,0.9374,0,0,0
5.0159,34.1093,-4.9484,0.9346,0,0,0
4.9953,34.1397,-9.6542,0.9407,0,0,0
5.0278,34.155,-8.6853,0.9338,0,0,0
5.2231,34.1642,0.1328,0.9391,0,0,0
5.2494,34.091,3.5721,0.9283,0,0,0
5.1914,34.1703,-0.6119,0.9207,0,0,0
5.164,34.1779,-2.6596,0.9303,0,0,0
5.2326,34.1764,-4.6219,0.9417,0,0,0
5.2265,34.1611,3.7674,0.9322,0,0,0
5.1933,34.1672,5.423,0.9405,0,0,0
5.2059,34.1672,-5.3574,0.9313,0,0,0
5.1975,34.1184,-5.6702,0.9421,0,0,0
5.1815,34.1931,6.3095,0.9236,0,0,0
5.1609,34.1687,2.5162,0.9391,0,0,0
5.154,34.1093,-3.067,0.9418,0,0,0
5.3604,34.1657,5.5252,0.9342,0,0,0
5.7377,34.1672,-0.8224,0.9391,0,0,0
5.724,34.1794,-5.397,0.9472,0,0,0
5.5889,34.1718,8.1589,0.9287,0,0,0
5.5454,34.1367,3.775,0.9266,0,0,0
5.5202,34.181,-3.7094,0.9386,0,0,0
5.5096,34.1917,-7.2128,0.9419,0,0,0
5.4539,34.1139,4.9545,0.9347,0,0,0
5.4905,34.1855,5.7678,0.9357,0,0,0
5.5347,34.1917,-3.0899,0.933,0,0,0
5.5012,34.1733,-4.6204,0.9338,0,0,0
5.4459,34.1642,1.6769,0.9004,0,0,0
5.4661,34.1642,1.9348,0.9348,0,0,0
5.4466,34.1596,-4.0176,0.9387,0,0,0
5.6248,34.1382,-4.3625,0.9303,0,0,0
5.7449,34.1718,7.518,0.9287,0,0,0
5.719,34.181,3.2303,0.9386,0,0,0
5.6431,34.1886,-6.2912,0.9373,0,0,0
5.6435,34.1443,-0.9964,0.9321,0,0,0
5.6305,34.2833,8.5403,0.9311,0,0,0
5.7045,34.1917,-0.0931,0.9334,0,0,0
5.7186,34.1764,-4.213,0.9484,0,0,0
5.6641,34.1733,-5.2231,0.9402,0,0,0
5.751,34.1566,5.6717,0.9282,0,0,0
5.8071,34.1855,3.36,0.9394,0,0,0
5.7301,34.1733,-4.5593,0.9297,0,0,0
5.7056,34.1794,-2.4551,0.9369,0,0,0
5.7072,34.1489,6.8298,0.9359,0,0,0
5.6656,34.2023,-2.2598,0.9394,0,0,0
5.6248,34.1748,-4.9057,0.937,0,0,0
5.6282,34.1733,5.5359,0.9325,0,0,0
5.6339,34.1169,2.0462,0.9298,0,0,0
5.6309,34.1627,-5.0827,0.9341,0,0,0
5.6412,34.1276,2.5162,0.9353,0,0,0
5.7777,34.1901,4.1321,0.9309,0,0,0
5.7781,34.1428,-4.9271,0.9324,0,0,0
5.7323,34.2038,-6.1478,0.94,0,0,0
5.7327,34.1931,6.0776,0.9311,0,0,0
5.7137,34.21,4.158,0.9435,0,0,0
5.6789,34.1855,-1.7746,0.9355,0,0,0
5.6629,34.1992,-5.7999,0.9376,0,0,0
5.6538,34.1978,5.632,0.9366,0,0,0
5.6931,34.2054,4.5395,0.9363,0,0,0
5.727,34.21,-3.6362,0.941,0,0,0
5.7201,34.152,-4.5502,0.945,0,0,0
5.7018,34.2176,1.1612,0.9365,0,0,0
5.6915,34.21,3.8879,0.9395,0,0,0
5.6782,34.184,-3.5233,0.9361,0,0,0
5.6713,34.1962,-5.3116,0.944,0,0,0
5.7514,34.2069,3.8651,0.9366,0,0,0
5.822,34.2176,6.9962,0.9357,0,0,0
5.8182,34.2313,-0.3601,0.9602,0,0,0
5.9292,34.2069,-18.6707,0.9099,0,0,0
6.1314,34.1611,-6.0349,0.9289,0,0,0
6.5304,34.1489,9.8679,0.9175,0,0,0
6.5254,34.2283,3.0716,0.9189,0,0,0
6.4617,34.152,-3.4485,0.9194,0,0,0
7.0316,34.2222,2.2293,0.933,0,0,0
6.8657,34.1978,1.3626,0.9239,0,0,0
6.7909,34.2008,8.6258,0.9252,0,0,0
6.9668,34.1337,1.7654,0.9169,0,0,0
6.9012,34.2145,-3.923,0.9262,0,0,0
6.8153,34.2069,4.1565,0.9193,0,0,0
6.8638,34.1978,-4.7989,0.9084,0,0,0
6.8275,34.2038,-4.2831,0.9189,0,0,0
6.7959,34.1825,2.9877,0.9234,0,0,0
6.8829,34.184,-4.2496,0.9265,0,0,0
6.908,34.1215,0.5188,0.9242,0,0,0
6.868,34.1978,6.2698,0.9173,0,0,0
6.8859,34.1794,-3.4149,0.9197,0,0,0
6.8096,34.1855,-2.3056,0.9277,0,0,0
6.7341,34.1947,6.1066,0.9015,0,0,0
6.7646,34.152,-3.3707,0.9091,0,0,0
6.8287,34.1886,-6.5002,0.934,0,0,0
6.8317,34.2115,4.3365,0.9194,0,0,0
6.8478,34.2298,0.3601,0.9239,0,0,0
6.8745,34.2374,-3.3066,0.9177,0,0,0
6.789,34.2466,5.7358,0.9277,0,0,0
6.7944,34.2512,-1.6129,0.9189,0,0,0
6.8119,34.2435,0.2136,0.9049,0,0,0
7.1346,34.2496,-5.2505,0.9089,0,0,0
7.6519,34.2863,-5.0766,0.931,0,0,0
7.6302,34.2618,7.2037,0.9126,0,0,0
7.6717,34.2054,3.5751,0.9195,0,0,0
7.7908,34.2909,13.3224,0.8982,0,0,0
7.6714,34.268,1.1475,0.8958,0,0,0
7.5275,34.2863,-5.0781,0.9178,0,0,0
7.4772,34.2649,-5.4321,0.9056,0,0,0
7.3772,34.2344,1.0315,0.9252,0,0,0
7.3532,34.2893,2.4857,0.9148,0,0,0
7.3616,34.3138,-5.6137,0.9211,0,0,0
7.2849,34.3016,-1.7609,0.9106,0,0,0
7.246,34.2802,1.7563,0.9129,0,0,0
7.2544,34.3199,-0.9933,0.9134,0,0,0
7.2788,34.2986,-1.0818,0.9083,0,0,0
7.2796,34.3383,8.6288,0.8991,0,0,0
7.3391,34.3322,-3.4439,0.9373,0,0,0
7.3666,34.3322,-5.6808,0.8917,0,0,0
7.3193,34.3291,6.041,0.9303,0,0,0
7.2605,34.3199,-1.3412,0.9169,0,0,0
7.2567,34.3352,-2.7267,0.9132,0,0,0
7.3166,34.3505,2.8397,0.9182,0,0,0
7.2689,34.326,3.9597,0.9123,0,0,0
7.2689,34.326,3.9597,0.9123,0,0,0
7.2689,34.326,3.9597,0.9123,0,0,0
7.2689,34.326,3.9597,0.9123,0,0,0
7.2102,34.3505,-5.1453,0.9253,0,0,0
7.2102,34.3505,-5.1453,0.9253,0,0,0
3.8883,34.1199,0.0443,1.2168,0,0,0
3.8803,34.0864,1.8494,0.9133,0,0,0
3.9654,34.1062,4.039,0.918,0,0,0
4.1573,34.1032,-2.3499,0.9178,0,0,0
4.1901,34.059,-3.4073,0.9106,0,0,0
4.1153,34.1078,0.8072,0.9174,0,0,0
4.0707,34.0499,-0.209,0.8904,0,0,0
4.0813,34.1123,-1.9989,0.9212,0,0,0
4.25,34.0225,3.6606,0.9202,0,0,0
4.3362,34.0605,-0.8896,0.9145,0,0,0
4.2904,34.0941,-4.2084,0.9132,0,0,0
4.2507,34.088,-0.0839,0.9231,0,0,0
4.2282,34.0849,6.3034,0.9186,0,0,0
4.2587,34.024,-0.8591,0.9184,0,0,0
4.2408,34.0788,-1.6861,0.9216,0,0,0
4.2145,34.1062,5.0842,0.9129,0,0,0
4.25,34.1032,-3.3371,0.9181,0,0,0
4.2393,34.1139,-3.1021,0.9196,0,0,0
4.2068,34.1352,3.9368,0.9148,0,0,0
4.2259,34.1199,-1.4755,0.9212,0,0,0
4.2259,34.1199,-1.4755,0.9212,0,0,0
4.2259,34.1199,-1.4755,0.9212,0,0,0
3.8883,34.1199,0.0443,1.2168,0,0,0
3.8803,34.0864,1.8494,0.9133,0,0,0
3.9654,34.1062,4.039,0.918,0,0,0
6.9717,34.8308,2.713,0.9187,1,0,0
10.5145,34.4883,-0.766,0.9282,0,0,0
4.1065,34.6048,2.6917,0.9234,0,0,0
9.9598,34.9402,-3.1021,0.9128,1,0,0
9.9598,34.9402,-3.1021,0.9128,1,0,0
9.9598,34.9402,-3.1021,0.9128,1,0,0
9.9598,34.9402,-3.1021,0.9128,1,0,0
9.6622,34.6755,-4.9088,0.9136,1,0,0
9.6622,34.6755,-4.9088,0.9136,1,0,0
9.6622,34.6755,-4.9088,0.9136,1,0,0
9.6622,34.6755,-4.9088,0.9136,1,0,0
9.6622,34.6755,-4.9088,0.9136,1,0,0
9.2106,35.0297,-0.4013,0.9275,1,0,0
9.2106,35.0297,-0.4013,0.9275,1,0,0
3.7716,34.6908,3.212,0.9276,1,0,0
11.6611,34.3199,-6.987,0.9213,0,0,0
9.1145,34.6463,0.7492,0.9313,1,0,0
3.6964,34.7939,1.5564,0.932,1,0,0
5.9654,34.9541,-1.4938,0.9233,1,0,0
9.8564,34.5833,-5.0583,0.8983,0,0,0
9.8564,34.5833,-5.0583,0.8983,0,0,0
9.0248,34.6509,-7.2403,0.9193,1,0,0
9.0248,34.6509,-7.2403,0.9193,1,0,0
9.473,35.2989,-6.8832,0.9188,1,0,0
9.473,35.2989,-6.8832,0.9188,1,0,0
3.8883,34.1199,0.0443,1.2168,0,0,0
3.8803,34.0864,1.8494,0.9133,0,0,0
3.9654,34.1062,4.039,0.918,0,0,0
4.1573,34.1032,-2.3499,0.9178,0,0,0
4.1901,34.059,-3.4073,0.9106,0,0,0
4.1153,34.1078,0.8072,0.9174,0,0,0
4.0707,34.0499,-0.209,0.8904,0,0,0
4.0813,34.1123,-1.9989,0.9212,0,0,0
4.25,34.0225,3.6606,0.9202,0,0,0
4.3362,34.0605,-0.8896,0.9145,0,0,0
4.2904,34.0941,-4.2084,0.9132,0,0,0
4.2507,34.088,-0.0839,0.9231,0,0,0
4.2282,34.0849,6.3034,0.9186,0,0,0
4.2587,34.024,-0.8591,0.9184,0,0,0
4.2408,34.0788,-1.6861,0.9216,0,0,0
4.2408,34.0788,-1.6861,0.9216,0,0,0
4.2408,34.0788,-1.6861,0.9216,0,0,0
4.2408,34.0788,-1.6861,0.9216,0,0,0
4.2408,34.0788,-1.6861,0.9216,0,0,0
4.2408,34.0788,-1.6861,0.9216,0,0,0
4.2408,34.0788,-1.6861,0.9216,0,0,0
4.2408,34.0788,-1.6861,0.9216,0,0,0
4.2408,34.0788,-1.6861,0.9216,0,0,0
4.2408,34.0788,-1.6861,0.9216,0,0,0
4.2408,34.0788,-1.6861,0.9216,0,0,0
4.2408,34.0788,-1.6861,0.9216,0,0,0
4.2408,34.0788,-1.6861,0.9216,0,0,0
4.2408,34.0788,-1.6861,0.9216,0,0,0
4.2408,34.0788,-1.6861,0.9216,0,0,0
4.2408,34.0788,-1.6861,0.9216,0,0,0
4.2408,34.0788,-1.6861,0.9216,0,0,0
4.2408,34.0788,-1.6861,0.9216,0,0,0
4.2408,34.0788,-1.6861,0.9216,0,0,0
4.2408,34.0788,-1.6861,0.9216,0,0,0
4.2408,34.0788,-1.6861,0.9216,0,0,0
4.2408,34.0788,-1.6861,0.9216,0,0,0
9.0595,34.5603,2.8763,0.8981,0,0,0
9.0595,34.5603,2.8763,0.8981,0,0,0
9.0595,34.5603,2.8763,0.8981,0,0,0
9.0595,34.5603,2.8763,0.8981,0,0,0
3.8883,34.1199,0.0443,1.2168,0,0,0
3.8883,34.1199,0.0443,1.2168,0,0,0
3.8883,34.1199,0.0443,1.2168,0,0,0
9.6817,34.6002,-2.0248,0.9193,0,0,0
9.6817,34.6002,-2.0248,0.9193,0,0,0
9.6439,34.654,8.7311,0.9172,0,0,0
9.6439,34.654,8.7311,0.9172,0,0,0
9.6737,34.6447,-6.0852,0.9247,0,0,0
9.6737,34.6447,-6.0852,0.9247,0,0,0
9.6775,34.5649,-4.2984,0.9141,0,0,0
9.6775,34.5649,-4.2984,0.9141,0,0,0
9.6638,34.6509,-1.2421,0.9195,0,0,0
9.6638,34.6509,-1.2421,0.9195,0,0,0
10.2596,34.6324,14.6591,0.9117,0,0,0
10.2596,34.6324,14.6591,0.9117,0,0,0
10.3336,34.6386,2.3849,0.9212,0,0,0
10.2596,34.6324,14.6591,0.9117,0,0,0
10.3336,34.6386,2.3849,0.9212,0,0,0
9.9148,34.5941,-2.4063,0.9186,0,0,0
9.75,34.5435,-5.3284,0.923,0,0,0
9.7134,34.6079,-6.0501,0.9326,0,0,0
9.692,34.6017,14.3082,0.9292,0,0,0
9.6565,34.5849,2.5192,0.9105,0,0,0
9.6943,34.6801,-7.6431,0.9175,0,0,0
9.8621,34.5128,-5.5786,0.9213,0,0,0
9.7702,34.5772,-1.2711,0.9199,0,0,0
9.6645,34.6048,0.2518,0.9193,0,0,0
9.6195,34.5895,0.5219,0.9129,0,0,0
9.6268,34.614,-0.4608,0.9259,0,0,0
9.8255,34.5496,10.1578,0.9257,0,0,0
9.935,34.6202,1.1246,0.9202,0,0,0
9.7675,34.5649,-1.8692,0.92,0,0,0
9.6684,34.6125,-1.7868,0.9317,0,0,0
9.6359,34.6248,-5.5923,0.9795,0,0,0
9.9316,34.5926,-3.0197,0.9211,0,0,0
9.9346,34.5557,19.1879,0.9303,0,0,0
10.2306,34.6217,-2.1927,0.9237,0,0,0
10.6449,34.6079,-12.5839,0.908,0,0,0
10.6449,34.6079,-12.5839,0.908,0,0,0
9.9827,34.6217,-6.4316,0.926,0,0,0
9.6184,34.5956,10.8963,0.9185,0,0,0
9.5158,34.6294,0.4898,0.9295,0,0,0
9.4677,34.654,3.6728,0.9279,0,0,0
9.4509,34.7001,-2.7634,0.9053,0,0,0
9.6375,34.7185,-5.571,0.9165,0,0,0
9.6226,34.677,-6.4392,0.9195,0,0,0
9.6962,34.7308,-2.1088,0.9203,0,0,0
9.515,34.7431,4.3076,0.9094,0,0,0
9.399,34.7923,11.3876,0.9144,1,0,1
9.3708,34.7908,-0.7523,0.925,0,0,0
9.3449,34.817,-4.4357,0.9205,0,0,0
9.3815,34.8216,-4.2709,0.8913,0,0,0
9.3914,34.7615,-2.7725,0.9424,0,0,0
9.3929,34.8324,8.0734,0.921,0,0,0
9.3746,34.8477,1.2863,0.9177,0,0,0
9.4193,34.8293,-2.2751,0.9216,0,0,0
9.3884,34.82,3.0273,0.9247,0,0,0
9.7675,34.8015,-1.3596,0.9223,0,0,0
9.8774,34.8154,-1.1841,0.902,0,0,0
9.7214,34.7446,5.2826,0.9212,0,0,0
9.494,34.7846,-2.0096,0.9299,0,0,0
9.4059,34.8262,-8.9844,0.9156,0,0,0
9.3876,34.7308,-8.1772,0.9254,0,0,0
9.3887,34.8231,6.6849,0.922,0,0,0
9.3693,34.8031,9.5963,0.9221,0,0,0
9.3433,34.8262,-0.0565,0.9102,0,0,0
9.4326,34.8062,4.1031,0.9252,0,0,0
9.6333,34.7369,-2.9312,0.9191,0,0,0
9.5074,34.8015,-7.93,0.9194,0,0,0
9.4326,34.78,-1.8845,0.9163,0,0,0
9.4166,34.7985,4.4785,0.9193,0,0,0
9.4059,34.7277,-3.0533,0.9188,0,0,0
9.4036,34.7846,-4.9744,0.9198,0,0,0
9.4036,34.7785,-0.4013,0.9188,0,0,0
9.4082,34.7892,0.1633,0.9106,0,0,0
9.56,34.8693,13.5971,0.9287,1,0,1
9.8984,34.7646,2.6184,0.916,0,0,0
9.8984,34.7646,2.6184,0.916,0,0,0
9.6676,34.76,-3.7338,0.9178,0,0,0
9.4875,34.7646,12.6968,0.9115,1,0,1
9.4875,34.7646,12.6968,0.9115,1,0,1
9.5699,34.7369,12.2665,0.9194,0,0,0
9.5497,34.6831,-7.8476,0.9173,0,0,0
9.6066,34.7369,-10.7117,0.9208,0,0,0
9.4753,34.7154,-13.4064,0.9219,0,0,0
9.515,34.7077,-10.4874,0.9391,0,0,0
9.5203,34.72,-7.0114,0.9246,0,0,0
9.4891,34.6417,1.2222,0.9209,0,0,0
9.4952,34.6386,1.7227,0.9523,0,0,0
9.4593,34.6955,14.1251,0.9229,0,0,0
9.4906,34.7001,5.1819,0.9117,0,0,0
9.6798,34.7077,7.4203,0.9203,0,0,0
9.5993,34.6816,4.9393,0.9187,0,0,0
9.4578,34.6877,-6.4835,0.9191,0,0,0
9.3983,34.6632,0.5936,0.9244,0,0,0
9.4006,34.6447,-1.7075,0.9181,0,0,0
9.3868,34.6831,-4.0695,0.9151,0,0,0
9.3987,34.6724,-2.2659,0.9281,0,0,0
9.3983,34.6709,-3.1998,0.9392,0,0,0
9.454,34.6662,-1.3702,0.9502,0,0,0
9.4379,34.6586,5.9341,0.9111,0,0,0
9.4193,34.6632,18.2144,0.9628,0,0,0
9.5173,34.5849,1.1826,0.9253,0,0,0
9.5737,34.6586,-9.6725,0.9147,0,0,0
10.1086,34.677,-9.6786,0.9268,0,0,0
9.9491,34.6048,-6.8863,0.9357,0,0,0
9.9491,34.6048,-6.8863,0.9357,0,0,0
9.621,34.6324,15.1016,0.9215,0,0,0
9.4746,35.2989,-4.0329,0.9139,0,0,0
9.6085,34.6877,-8.873,0.9223,0,0,0
9.6066,34.7369,-10.7117,0.9208,0,0,0
9.7202,35.2137,-10.8826,0.9237,0,0,0
9.8286,34.4821,3.6728,0.9173,0,0,0
9.1396,34.4821,-1.5884,0.9183,0,0,0
9.5074,34.8015,-7.93,0.9194,0,0,0
10.0742,34.4791,-2.565,0.9099,0,0,0
9.7675,34.6324,-2.1408,0.9059,0,0,0
9.1396,34.4821,-1.5884,0.9183,0,0,0
9.4868,35.0761,3.4119,0.9266,0,0,0
9.4082,34.7892,0.1633,0.9106,0,0,0
9.5341,34.45,1.8112,0.917,0,0,0
9.5535,34.4423,-0.0259,0.9171,0,0,0
9.9087,34.9279,1.2039,0.918,0,0,0
9.5478,35.175,12.8952,0.9166,1,1,1
9.4326,34.78,-1.8845,0.9163,0,0,0
9.5478,35.175,12.8952,0.9166,1,1,1
9.3876,35.1472,-0.0473,0.919,0,0,0
9.3727,35.2339,-4.5486,0.9147,0,0,0
9.7668,34.5312,-8.3923,0.9206,0,0,0
9.6058,34.7339,-3.9627,0.916,0,0,0
8.9085,34.8031,5.0583,0.9207,0,0,0
10.1215,34.5281,-3.6148,0.9134,0,0,0
9.4006,34.6233,-7.9926,0.926,0,0,0
3.8883,34.1199,0.0443,1.2168,0,0,0
3.8803,34.0864,1.8494,0.9133,0,0,0
3.9654,34.1062,4.039,0.918,0,0,0
4.1573,34.1032,-2.3499,0.9178,0,0,0
4.1901,34.059,-3.4073,0.9106,0,0,0
4.1153,34.1078,0.8072,0.9174,0,0,0
4.0707,34.0499,-0.209,0.8904,0,0,0
4.0813,34.1123,-1.9989,0.9212,0,0,0
4.25,34.0225,3.6606,0.9202,0,0,0
4.3362,34.0605,-0.8896,0.9145,0,0,0
4.2904,34.0941,-4.2084,0.9132,0,0,0
4.2507,34.088,-0.0839,0.9231,0,0,0
4.2282,34.0849,6.3034,0.9186,0,0,0
4.2587,34.024,-0.8591,0.9184,0,0,0
4.2408,34.0788,-1.6861,0.9216,0,0,0
9.7706,34.5833,-0.9262,0.917,0,0,0
9.7706,34.5833,-0.9262,0.917,0,0,0
10.0727,34.6447,-8.3267,0.9171,0,0,0
10.0727,34.6447,-8.3267,0.9171,0,0,0
10.5843,34.634,-9.7214,0.8946,0,0,0
10.5843,34.634,-9.7214,0.8946,0,0,0
10.3695,34.6509,9.0561,0.9361,0,0,0
10.3695,34.6509,9.0561,0.9361,0,0,0
6.3736,34.3169,1.593,0.9284,0,0,0
6.3736,34.3169,1.593,0.9284,0,0,0
6.3736,34.3169,1.593,0.9284,0,0,0
6.3736,34.3169,1.593,0.9284,0,0,0
6.3736,34.3169,1.593,0.9284,0,0,0
6.3557,34.326,1.6754,0.9304,0,0,0
6.3335,34.3092,1.2772,0.9249,0,0,0
6.2916,34.3398,2.1454,0.9255,0,0,0
6.2664,34.3475,-0.5508,0.9264,0,0,0
6.2412,34.3047,-0.5508,0.9367,0,0,0
6.181,34.3521,6.3187,0.9215,0,0,0
6.2164,34.3184,1.5732,0.9266,0,0,0
6.1977,34.3505,-5.5115,0.9245,0,0,0
6.163,34.3459,-3.8177,0.93,0,0,0
6.1726,34.3352,-1.3763,0.9203,0,0,0
6.1062,34.3597,5.6015,0.9291,0,0,0
6.0928,34.3582,-0.8514,0.9294,0,0,0
5.2593,34.4745,-0.56,0.9226,0,0,0
3.7613,34.7646,2.9465,0.9274,0,0,0
5.2105,34.496,0.7431,0.9366,0,0,0
5.2845,34.9248,0.2975,0.9318,0,0,0
3.8235,34.6616,2.0706,0.9262,0,0,0
5.4249,34.401,2.0325,0.9366,0,0,0
3.8071,34.6079,2.4307,0.9273,0,0,0
3.8071,34.6079,2.4307,0.9273,0,0,0
5.9147,34.9202,-0.4318,0.9342,0,0,0
3.7006,34.7985,-3.3249,0.9303,0,0,0
3.7441,34.8216,-2.3666,0.9312,0,0,0
10.5061,34.8508,-2.5681,0.9167,0,0,0
10.5061,34.8508,-2.5681,0.9167,0,0,0
9.8454,34.6156,1.004,0.9178,0,0,0
9.8454,34.6156,1.004,0.9178,0,0,0
8.9222,34.6555,-2.1988,0.9171,0,0,0
8.9222,34.6555,-2.1988,0.9171,0,0,0
10.8112,34.9078,-4.3915,0.9263,0,0,0
10.8112,34.9078,-4.3915,0.9263,0,0,0
10.4145,34.5113,8.1116,0.9217,0,0,0
10.4145,34.5113,8.1116,0.9217,0,0,0
10.4824,34.424,-0.1144,0.9303,0,0,0
10.4824,34.424,-0.1144,0.9303,0,0,0
10.1658,34.5266,-1.2253,0.9184,0,0,0
10.1658,34.5266,-1.2253,0.9184,0,0,0
10.0773,34.5159,0.0534,0.9261,0,0,0
10.0773,34.5159,0.0534,0.9261,0,0,0
10.0101,34.5404,0.0473,0.9188,0,0,0
10.0101,34.5404,0.0473,0.9188,0,0,0
9.9815,34.568,-1.7273,0.92,0,0,0
9.9815,34.568,-1.7273,0.92,0,0,0
5.9696,34.4668,1.1826,0.929,0,0,0
5.6747,34.9479,-0.2853,0.9343,0,0,0
3.7201,34.7415,2.8671,0.9215,0,0,0
3.7155,34.7431,-1.2344,0.9265,0,0,0
4.0123,34.6632,2.2461,0.9265,0,0,0
4.0066,34.5726,-2.4277,0.9235,0,0,0
4.0012,34.588,-2.2537,0.9262,0,0,0
4.0188,34.5818,2.5925,0.9241,0,0,0
3.9852,34.6294,0.5188,0.9242,0,0,0
3.9883,34.6632,-1.4877,0.926,0,0,0
3.9841,34.6294,-0.7706,0.9296,0,0,0
3.9734,34.611,1.7105,0.9239,0,0,0
3.9711,34.654,-1.7258,0.93,0,0,0
3.9677,34.6647,-1.0696,0.9211,0,0,0
3.973,34.6417,3.0762,0.9215,0,0,0
3.9753,34.6017,0.3006,0.9206,0,0,0
3.9669,34.6417,-1.1169,0.9293,0,0,0
3.9768,34.6417,-0.296,0.9252,0,0,0
3.9631,34.6662,3.4866,0.9251,0,0,0
3.9639,34.6463,-0.9781,0.9199,0,0,0
3.9528,34.611,-2.4338,0.9315,0,0,0
9.8312,35.0699,8.7723,0.9385,0,0,0
9.8312,35.0699,8.7723,0.9385,0,0,0
9.016,34.6017,3.27,0.9185,0,0,0
9.016,34.6017,3.27,0.9185,0,0,0
9.6317,35.1657,-9.1507,0.9006,0,0,0
9.6317,35.1657,-9.1507,0.9006,0,0,0
8.8795,35.1008,-13.4109,0.9157,0,0,0
8.8795,35.1008,-13.4109,0.9157,0,0,0
9.2884,35.073,-10.5835,0.9173,0,0,0
9.2884,35.073,-10.5835,0.9173,0,0,0
9.2419,35.09,2.0538,0.919,0,0,1
8.9382,35.0514,3.6697,0.9104,0,0,0
8.9382,35.0514,3.6697,0.9104,0,0,0
8.8581,35.0699,2.5314,0.9179,0,0,0
8.8581,35.0699,2.5314,0.9179,0,0,0
9.0595,35.0606,2.9099,0.9197,0,0,0
9.0595,35.0606,2.9099,0.9197,0,0,0
9.0099,35.0019,11.348,0.9179,0,0,1
8.847,35.0359,-1.6663,0.8895,0,0,0
8.847,35.0359,-1.6663,0.8895,0,0,0
8.9649,34.9495,0.1724,0.9192,0,0,0
8.9649,34.9495,0.1724,0.9192,0,0,0
9.0527,35.0174,-4.0604,0.9212,0,0,0
9.0527,35.0174,-4.0604,0.9212,0,0,0
8.9817,34.9742,-3.7521,0.9132,0,0,0
8.9817,34.9742,-3.7521,0.9132,0,0,0
8.8657,35.0004,-3.5416,0.9151,0,0,0
8.8657,35.0004,-3.5416,0.9151,0,0,0
8.8032,34.9988,-2.7191,0.9099,0,0,0
8.8032,34.9988,-2.7191,0.9099,0,0,0
8.773,35.0312,14.8666,0.9132,0,0,1
8.773,35.0312,14.8666,0.9132,0,0,1
8.9935,35.0112,1.5457,0.9188,0,0,0
8.9935,35.0112,1.5457,0.9188,0,0,0
8.9458,34.9788,-2.4353,0.909,0,0,0
8.9458,34.9788,-2.4353,0.909,0,0,0
8.8272,34.9772,-3.7491,0.927,0,0,0
8.8272,34.9772,-3.7491,0.927,0,0,0
9.0286,34.9896,6.7398,0.9203,0,0,1
8.9878,34.9695,8.1802,0.9162,0,0,0
8.9878,34.9695,8.1802,0.9162,0,0,0
8.9436,34.9896,-4.3747,0.9014,0,0,0
8.9436,34.9896,-4.3747,0.9014,0,0,0
8.8684,34.9649,-9.4299,0.9004,0,0,0
8.8684,34.9649,-9.4299,0.9004,0,0,0
8.8367,34.9433,-9.2804,0.9205,0,0,0
8.8367,34.9433,-9.2804,0.9205,0,0,0
8.7757,34.8724,-4.95,0.9048,0,0,0
8.7757,34.8724,-4.95,0.9048,0,0,0
8.7589,34.9402,-1.4603,0.9309,0,0,0
8.7589,34.9402,-1.4603,0.9309,0,0,0
8.7517,34.8354,11.1801,0.9244,0,0,0
8.7517,34.8354,11.1801,0.9244,0,0,0
8.7818,34.9124,3.331,0.889,0,0,0
8.7818,34.9124,3.331,0.889,0,0,0
8.7688,34.9186,-0.6973,0.9174,0,0,0
8.7688,34.9186,-0.6973,0.9174,0,0,0
8.7822,34.9094,-2.7023,0.921,0,0,0
8.7822,34.9094,-2.7023,0.921,0,0,0
8.7601,34.9016,-0.8499,0.8784,0,0,0
8.7601,34.9016,-0.8499,0.8784,0,0,0
8.8192,34.8878,10.6903,0.9261,0,0,0
8.8192,34.8878,10.6903,0.9261,0,0,0
8.8852,34.8909,1.9379,0.9059,0,0,0
8.8852,34.8909,1.9379,0.9059,0,0,0
8.8806,34.8647,-6.3431,0.9182,0,0,0
8.8806,34.8647,-6.3431,0.9182,0,0,0
8.8985,34.8308,-5.5557,0.9144,0,0,0
8.8985,34.8308,-5.5557,0.9144,0,0,0
8.9531,34.8554,-3.5873,0.9163,0,0,0
8.9531,34.8554,-3.5873,0.9163,0,0,0
8.9783,34.7631,-2.1774,0.9242,0,0,0
8.9783,34.7631,-2.1774,0.9242,0,0,0
8.9283,34.8416,-0.6516,0.9166,0,0,0
8.9283,34.8416,-0.6516,0.9166,0,0,0
8.9085,34.8031,5.0583,0.9207,0,0,0
8.9085,34.8031,5.0583,0.9207,0,0,0
8.8718,34.8293,7.3257,0.9162,0,0,0
8.8718,34.8293,7.3257,0.9162,0,0,0
8.8703,34.797,-1.1673,0.9188,0,0,0
8.8703,34.797,-1.1673,0.9188,0,0,0
8.8627,34.7785,-1.1215,0.9173,0,0,0
8.8627,34.7785,-1.1215,0.9173,0,0,0
3.7037,34.8093,-2.092,0.9308,0,0,0
4.0768,34.634,-0.8179,0.9231,0,0,0
3.7411,34.8262,-0.0351,0.9305,0,0,0
5.5515,34.9464,2.1561,0.9308,0,0,0
9.8007,34.3811,8.7845,0.928,0,0,0
9.7454,34.6494,6.1264,0.935,0,0,0
8.7757,34.8724,-4.95,0.9048,0,0,0
9.6897,34.6939,-0.4379,0.9098,0,0,0
9.4082,34.7892,0.1633,0.9106,0,0,0
10.017,34.45,1.8906,0.9161,0,0,0
9.75,34.5435,-5.3284,0.923,0,0,0
9.6226,34.677,-6.4392,0.9195,0,0,0
9.6962,34.7308,-2.1088,0.9203,0,0,0
9.515,34.7431,4.3076,0.9094,0,0,0
9.399,34.7923,11.3876,0.9144,0,0,0
9.3708,34.7908,-0.7523,0.925,0,0,0
9.3449,34.817,-4.4357,0.9205,0,0,0
9.3815,34.8216,-4.2709,0.8913,0,0,0
9.3914,34.7615,-2.7725,0.9424,0,0,0
9.3929,34.8324,8.0734,0.921,0,0,0
9.3746,34.8477,1.2863,0.9177,0,0,0
9.4193,34.8293,-2.2751,0.9216,0,0,0
9.3884,34.82,3.0273,0.9247,0,0,0
9.7675,34.8015,-1.3596,0.9223,0,0,0
9.8774,34.8154,-1.1841,0.902,0,0,0
